{
    "ሀ": "ha",
    "ሁ": "hu",
    "ሂ": "hi",
    "ሃ": "ha",
    "ሄ": "he",
    "ህ": "hɨ",
    "ሆ": "ho",
    "ሇ": "ho",
    "ለ": "lə",
    "ሉ": "lu",
    "ሊ": "li",
    "ላ": "la",
    "ሌ": "le",
    "ል": "lɨ",
    "ሎ": "lo",
    "ⶀ": "lo",
    "ሏ": "lwa",
    "ሐ": "ha",
    "ሑ": "hu",
    "ሒ": "hi",
    "ሓ": "ha",
    "ሔ": "he",
    "ሕ": "hɨ",
    "ሖ": "ho",
    "ሗ": "hwa",
    "መ": "mə",
    "ሙ": "mu",
    "ሚ": "mi",
    "ማ": "ma",
    "ሜ": "me",
    "ም": "mɨ",
    "ሞ": "mo",
    "ⶁ": "mo",
    "ᎀ": "mwə",
    "ᎃ": "mwu",
    "ᎁ": "mwi",
    "ሟ": "mwa",
    "ᎂ": "mwe",
    "ፙ": "mja",
    "ሠ": "sə",
    "ሡ": "su",
    "ሢ": "si",
    "ሣ": "sa",
    "ሤ": "se",
    "ሥ": "sɨ",
    "ሦ": "so",
    "ሧ": "swa",
    "ረ": "rə",
    "ሩ": "ru",
    "ሪ": "ri",
    "ራ": "ra",
    "ሬ": "re",
    "ር": "rɨ",
    "ሮ": "ro",
    "ⶂ": "ro",
    "ሯ": "rwa",
    "ፘ": "rja",
    "ሰ": "sə",
    "ሱ": "su",
    "ሲ": "si",
    "ሳ": "sa",
    "ሴ": "se",
    "ስ": "sɨ",
    "ሶ": "so",
    "ⶃ": "so",
    "ሷ": "swa",
    "ሸ": "ʃə",
    "ሹ": "ʃu",
    "ሺ": "ʃi",
    "ሻ": "ʃa",
    "ሼ": "ʃe",
    "ሽ": "ʃɨ",
    "ሾ": "ʃo",
    "ⶄ": "ʃo",
    "ሿ": "ʃwa",
    "ⶠ": "ʃə",
    "ⶡ": "ʃu",
    "ⶢ": "ʃi",
    "ⶣ": "ʃa",
    "ⶤ": "ʃe",
    "ⶥ": "ʃɨ",
    "ⶦ": "ʃo",
    "ቀ": "kʼə",
    "ቁ": "kʼu",
    "ቂ": "kʼi",
    "ቃ": "kʼa",
    "ቄ": "kʼe",
    "ቅ": "kʼɨ",
    "ቆ": "kʼo",
    "ቇ": "kʼo",
    "ቈ": "kʼwə",
    "ቍ": "kʼwu",
    "ቊ": "kʼwi",
    "ቋ": "kʼwa",
    "ቌ": "kʼwe",
    "ቐ": "kʼə",
    "ቑ": "kʼu",
    "ቒ": "kʼi",
    "ቓ": "kʼa",
    "ቔ": "kʼe",
    "ቕ": "kʼɨ",
    "ቖ": "kʼo",
    "ቘ": "kʼwə",
    "ቝ": "kʼwu",
    "ቚ": "kʼwi",
    "ቛ": "kʼwa",
    "ቜ": "kʼwe",
    "ⷀ": "kʼjə",
    "ⷁ": "kʼju",
    "ⷂ": "kʼji",
    "ⷃ": "kʼja",
    "ⷄ": "kʼje",
    "ⷅ": "kʼjɨ",
    "ⷆ": "kʼjo",
    "በ": "bə",
    "ቡ": "bu",
    "ቢ": "bi",
    "ባ": "ba",
    "ቤ": "be",
    "ብ": "bɨ",
    "ቦ": "bo",
    "ⶅ": "bo",
    "ᎄ": "bwə",
    "ᎇ": "bwu",
    "ᎅ": "bwi",
    "ቧ": "bwa",
    "ᎆ": "bwe",
    "ቨ": "və",
    "ቩ": "vu",
    "ቪ": "vi",
    "ቫ": "va",
    "ቬ": "ve",
    "ቭ": "vɨ",
    "ቮ": "vo",
    "ቯ": "vwa",
    "ተ": "tə",
    "ቱ": "tu",
    "ቲ": "ti",
    "ታ": "ta",
    "ቴ": "te",
    "ት": "tɨ",
    "ቶ": "to",
    "ⶆ": "to",
    "ቷ": "twa",
    "ቸ": "t͡ʃə",
    "ቹ": "t͡ʃu",
    "ቺ": "t͡ʃi",
    "ቻ": "t͡ʃa",
    "ቼ": "t͡ʃe",
    "ች": "t͡ʃɨ",
    "ቾ": "t͡ʃo",
    "ቿ": "t͡ʃwa",
    "ⶨ": "t͡ʃə",
    "ⶩ": "t͡ʃu",
    "ⶪ": "t͡ʃi",
    "ⶫ": "t͡ʃa",
    "ⶬ": "t͡ʃe",
    "ⶭ": "t͡ʃɨ",
    "ⶮ": "t͡ʃo",
    "ኀ": "ha",
    "ኁ": "hu",
    "ኂ": "hi",
    "ኃ": "ha",
    "ኄ": "he",
    "ኅ": "hɨ",
    "ኆ": "ho",
    "ኇ": "ho",
    "ኈ": "hwə",
    "ኍ": "hwu",
    "ኊ": "hwi",
    "ኋ": "hwa",
    "ኌ": "hwe",
    "ነ": "nə",
    "ኑ": "nu",
    "ኒ": "ni",
    "ና": "na",
    "ኔ": "ne",
    "ን": "nɨ",
    "ኖ": "no",
    "ⶈ": "no",
    "ኗ": "nwa",
    "ኘ": "ɲə",
    "ኙ": "ɲu",
    "ኚ": "ɲi",
    "ኛ": "ɲa",
    "ኜ": "ɲe",
    "ኝ": "ɲɨ",
    "ኞ": "ɲo",
    "ⶉ": "ɲo",
    "ኟ": "ɲwa",
    "አ": "ʔə",
    "ኡ": "ʔu",
    "ኢ": "ʔi",
    "ኣ": "ʔa",
    "ኤ": "ʔe",
    "እ": "ʔɨ",
    "ኦ": "ʔo",
    "ⶊ": "ʔo",
    "ከ": "kə",
    "ኩ": "ku",
    "ኪ": "ki",
    "ካ": "ka",
    "ኬ": "ke",
    "ክ": "kɨ",
    "ኮ": "ko",
    "ኰ": "kwə",
    "ኵ": "kwu",
    "ኲ": "kwi",
    "ኳ": "kwa",
    "ኴ": "kwe",
    "ⷈ": "kə",
    "ⷉ": "ku",
    "ⷊ": "ki",
    "ⷋ": "ka",
    "ⷌ": "ke",
    "ⷍ": "kɨ",
    "ⷎ": "ko",
    "ⷐ": "kə",
    "ⷑ": "ku",
    "ⷒ": "ki",
    "ⷓ": "ka",
    "ⷔ": "ke",
    "ⷕ": "kɨ",
    "ⷖ": "ko",
    "ወ": "wə",
    "ዉ": "wu",
    "ዊ": "wi",
    "ዋ": "wa",
    "ዌ": "we",
    "ው": "wɨ",
    "ዎ": "wo",
    "ዏ": "wo",
    "ዐ": "ʕə",
    "ዑ": "ʕu",
    "ዒ": "ʕi",
    "ዓ": "ʕa",
    "ዔ": "ʕe",
    "ዕ": "ʕɨ",
    "ዖ": "ʕo",
    "ዘ": "zə",
    "ዙ": "zu",
    "ዚ": "zi",
    "ዛ": "za",
    "ዜ": "ze",
    "ዝ": "zɨ",
    "ዞ": "zo",
    "ⶋ": "zo",
    "ዟ": "zwa",
    "ዠ": "ʒə",
    "ዡ": "ʒu",
    "ዢ": "ʒi",
    "ዣ": "ʒa",
    "ዤ": "ʒe",
    "ዥ": "ʒɨ",
    "ዦ": "ʒo",
    "ዧ": "ʒwa",
    "ⶰ": "ʒə",
    "ⶱ": "ʒu",
    "ⶲ": "ʒi",
    "ⶳ": "ʒa",
    "ⶴ": "ʒe",
    "ⶵ": "ʒɨ",
    "ⶶ": "ʒo",
    "የ": "jə",
    "ዩ": "ju",
    "ዪ": "ji",
    "ያ": "ja",
    "ዬ": "je",
    "ይ": "jɨ",
    "ዮ": "jo",
    "ዯ": "jo",
    "ደ": "də",
    "ዱ": "du",
    "ዲ": "di",
    "ዳ": "da",
    "ዴ": "de",
    "ድ": "dɨ",
    "ዶ": "do",
    "ⶌ": "do",
    "ዷ": "dwa",
    "ጀ": "d͡ʒə",
    "ጁ": "d͡ʒu",
    "ጂ": "d͡ʒi",
    "ጃ": "d͡ʒa",
    "ጄ": "d͡ʒe",
    "ጅ": "d͡ʒɨ",
    "ጆ": "d͡ʒo",
    "ጇ": "d͡ʒwa",
    "ገ": "ɡə",
    "ጉ": "ɡu",
    "ጊ": "ɡi",
    "ጋ": "ɡa",
    "ጌ": "ɡe",
    "ግ": "ɡɨ",
    "ጎ": "ɡo",
    "ጐ": "ɡwə",
    "ጕ": "ɡwu",
    "ጒ": "ɡwi",
    "ጓ": "ɡwa",
    "ጔ": "ɡwe",
    "ጘ": "ŋə",
    "ጙ": "ŋu",
    "ጚ": "ŋi",
    "ጛ": "ŋa",
    "ጜ": "ŋe",
    "ጝ": "ŋɨ",
    "ጞ": "ŋo",
    "ⶓ": "ŋwə",
    "ⶖ": "ŋwu",
    "ⶔ": "ŋwi",
    "ጟ": "ŋwa",
    "ⶕ": "ŋwe",
    "ⷘ": "ɡə",
    "ⷙ": "ɡu",
    "ⷚ": "ɡi",
    "ⷛ": "ɡa",
    "ⷜ": "ɡe",
    "ⷝ": "ɡɨ",
    "ⷞ": "ɡo",
    "ጠ": "tʼə",
    "ጡ": "tʼu",
    "ጢ": "tʼi",
    "ጣ": "tʼa",
    "ጤ": "tʼe",
    "ጥ": "tʼɨ",
    "ጦ": "tʼo",
    "ጧ": "tʼwa",
    "ጨ": "t͡ʃʼə",
    "ጩ": "t͡ʃʼu",
    "ጪ": "t͡ʃʼi",
    "ጫ": "t͡ʃʼa",
    "ጬ": "t͡ʃʼe",
    "ጭ": "t͡ʃʼɨ",
    "ጮ": "t͡ʃʼo",
    "ⶐ": "t͡ʃʼo",
    "ጯ": "t͡ʃʼwa",
    "ⶸ": "t͡ʃʼə",
    "ⶹ": "t͡ʃʼu",
    "ⶺ": "t͡ʃʼi",
    "ⶻ": "t͡ʃʼa",
    "ⶼ": "t͡ʃʼe",
    "ⶽ": "t͡ʃʼɨ",
    "ⶾ": "t͡ʃʼo",
    "ጰ": "pʼə",
    "ጱ": "pʼu",
    "ጲ": "pʼi",
    "ጳ": "pʼa",
    "ጴ": "pʼe",
    "ጵ": "pʼɨ",
    "ጶ": "pʼo",
    "ⶑ": "pʼo",
    "ጷ": "pʼwa",
    "ጸ": "sʼə",
    "ጹ": "sʼu",
    "ጺ": "sʼi",
    "ጻ": "sʼa",
    "ጼ": "sʼe",
    "ጽ": "sʼɨ",
    "ጾ": "sʼo",
    "ጿ": "sʼwa",
    "ፀ": "sʼə",
    "ፁ": "sʼu",
    "ፂ": "sʼi",
    "ፃ": "sʼa",
    "ፄ": "sʼe",
    "ፅ": "sʼɨ",
    "ፆ": "sʼo",
    "ፇ": "sʼo",
    "ፈ": "fə",
    "ፉ": "fu",
    "ፊ": "fi",
    "ፋ": "fa",
    "ፌ": "fe",
    "ፍ": "fɨ",
    "ፎ": "fo",
    "ᎈ": "fwə",
    "ᎉ": "fwu",
    "ᎋ": "fwi",
    "ፏ": "fwa",
    "ᎊ": "fwe",
    "ፚ": "fja",
    "ፐ": "pə",
    "ፑ": "pu",
    "ፒ": "pi",
    "ፓ": "pa",
    "ፔ": "pe",
    "ፕ": "pɨ",
    "ፖ": "po",
    "ⶒ": "po",
    "ᎌ": "pwə",
    "ᎍ": "pwu",
    "ᎏ": "pwi",
    "ፗ": "pwa",
    "ᎎ": "pwe",
    "ኧ": "ə"
}